AA,TEF
Bulk,1.66501
ALA,4.88931
ASP,4.45021
GLU,6.70348
ILE,3.90535
LEU,3.36369
PRO,3.97587
VAL,3.66498
GLY,0.889343
LYS,1.57845
PHE,0.293197
SER,0.828457
THR,-1.45685
TYR,-0.870253